0
*LAKE CITY          SEATTLE            W
10098 CAVA SUBURBAN SQ   ARDMORE      PA
4490 SOUTH STATE 100MOUNT CARMEL        UT
46630 N BEND WAY 574NORTH BEND          WA
6951310 - PEET'S COFSEATTLE             WA
7-ELEVEN 23020           SEATTLE      WA
7-ELEVEN T3 #03-12  SINGAPORE           SG
76 - CF UNITED APRO LLC 2BELLEVUE     WA
76 - CHELAN 76           CHELAN       WA
76 - HUNGRY BEAR MARKET  BELLEVUE     WA
76 - MARKET PLACE        ORONDO       WA
76 - ROOSEVELT 76        SEATTLE      WA
76 - THE POINT           SEATTLE      WA
76 - VILLAGE MARKET 76   SEATTLE      WA
76 Fuel
7E - TERMINAL 2     SINGAPORE           SG
81394 - WESTLAKE & TERRY SEATTLE WA
AAA WA MEMBERSHIP 00     800-562-2582 WA
AAA WA MEMBERSHIP 01     800-562-2582 WA
ACT THEATRE WEB 206-292-7660 WA
ACTIVE CULTURE CAFE BEND                OR
ADOBE Adobe Systems SAN JOSE            CA
AER LINGUS          DUBLIN              CO
AEROP. ADOLFO SUAREZ MADRMADRID       ES
AIRBNB * HMKNBQB23F AIRBNB.COM CA
AIRBNB * HMSBE25BKD AIRBNB.COM CA
ALADDIN GYRO RESTAURSEATTLE             WA
ALASKA AIR 0272105259538SEATTLE WA
ALASKA AIR 0272105260139SEATTLE WA
ALASKA AIR 0272105260140SEATTLE WA
ALASKA AIR 0272105262086SEATTLE WA
ALASKA AIR 0272106640952SEATTLE WA
ALASKA AIR 0272109051092SEATTLE WA
ALASKA AIR 0272394527601SEATTLE WA
ALASKA AIR SEATTLE WA
ALASKA AIRLINES     SEATTLE             WA
ALCAMPO LOGRONO          LOGRONO      ES
ALIMENTACION PRIMOS      LOGRONO      ES
ALL THE BEST PET CARE    206-529-8000 WA
ALLIANZ TRAVEL INS ALLIANZINS.USVA
ALOFT TOKYO GINZA -C*                   JP
AMAZON MARKEPLACE NA PA
AMAZON MKTPL*061WN5NY3   Amzn.com/billWA
AMAZON MKTPL*273Q84KG3   Amzn.com/billWA
AMAZON MKTPL*6E4ZE8763   Amzn.com/billWA
AMAZON MKTPL*EC40N97Z3   Amzn.com/billWA
AMAZON MKTPL*FI8UH9NO3   Amzn.com/billWA
AMAZON MKTPL*GF1UN5B83   Amzn.com/billWA
AMAZON MKTPL*IF1QL9TA3   Amzn.com/billWA
AMAZON MKTPL*MW7QB7WZ3   Amzn.com/billWA
AMAZON MKTPL*N322C53H1   Amzn.com/billWA
AMAZON MKTPL*NI8I808V2   Amzn.com/billWA
AMAZON MKTPL*NL2152RU0   Amzn.com/billWA
AMAZON MKTPL*NL4NU0RP0   Amzn.com/billWA
AMAZON MKTPL*NN6730OD0   Amzn.com/billWA
AMAZON MKTPL*P05GB2GW3   Amzn.com/billWA
AMAZON MKTPL*QQ4DT5PS3   Amzn.com/billWA
AMAZON MKTPL*QZ40E1J43   Amzn.com/billWA
AMAZON MKTPL*TH6WJ55D3   Amzn.com/billWA
AMAZON MKTPL*US5PT8663   Amzn.com/billWA
AMAZON MKTPL*Z52ZS0DB1   Amzn.com/billWA
AMAZON MKTPL*Z54JZ8642   Amzn.com/billWA
AMAZON MKTPL*Z56Q89YW1   Amzn.com/billWA
AMAZON MKTPL*Z58Q362O1   Amzn.com/billWA
AMAZON MKTPL*Z702C1CJ2   Amzn.com/billWA
AMAZON MKTPL*Z77XG2681   Amzn.com/billWA
AMAZON MKTPL*Z79WK7O91   Amzn.com/billWA
AMAZON MKTPL*ZC8QI0BP1   Amzn.com/billWA
AMAZON MKTPL*ZC9RT2EF1   Amzn.com/billWA
AMAZON MKTPL*ZD4US5WL1   Amzn.com/billWA
AMAZON MKTPL*ZG4154MU1   Amzn.com/billWA
AMAZON MKTPLACE PMTS Amzn.com/bil CREDIT
AMAZON PRIME PMTS        Amzn.com/billWA
AMAZON PRIME PMTS        amzn.com/billWA
AMAZON PRIME*0T9CY5VAMZN.CO.UK/PM       GB
AMAZON PRIME*213NF2FAMZN.CO.UK/PM       GB
AMAZON PRIME*4624A69AMZN.CO.UK/PM       GB
AMAZON PRIME*5316N72Q3   amzn.com/billWA
AMAZON PRIME*7R96V3LAMZN.CO.UK/PM       GB
AMAZON PRIME*7X9QF4S53   Amzn.com/billWA
AMAZON PRIME*824L43403   amzn.com/billWA
AMAZON PRIME*8H20B7AAMZN.CO.UK/PM       GB
AMAZON PRIME*CD8MF53T3   Amzn.com/billWA
AMAZON PRIME*CF97H77AMZN.CO.UK/PM       GB
AMAZON PRIME*CX8JA8F93   Amzn.com/billWA
AMAZON PRIME*ME6UU9WAMZN.CO.UK/PM       GB
AMAZON PRIME*NW4220JE2   amzn.com/billWA
AMAZON PRIME*NZ74Z5X60   Amzn.com/billWA
AMAZON PRIME*OR9JH8RAMZN.CO.UK/PM       GB
AMAZON PRIME*P68E02BAMZN.CO.UK/PM       GB
AMAZON PRIME*R20V94KAMZN.CO.UK/PM       GB
AMAZON PRIME*R65X76OAMZN.CO.UK/PM       GB
AMAZON PRIME*R70Z389AMZN.CO.UK/PM       GB
AMAZON PRIME*RC2PT4CAMZN.CO.UK/PM       GB
AMAZON PRIME*RH0065XAMZN.CO.UK/PM       GB
AMAZON PRIME*RI85E93AMZN.CO.UK/PM       GB
AMAZON PRIME*RM6V80PAMZN.CO.UK/PM       GB
AMAZON PRIME*RT91L4HAMZN.CO.UK/PM       GB
AMAZON PRIME*RV7G20WAMZN.CO.UK/PM       GB
AMAZON PRIME*TK4KO2ZAMZN.CO.UK/PM       GB
AMAZON PRIME*TS9O522T3   amzn.com/billWA
AMAZON PRIME*TV87O1CAMZN.CO.UK/PM       GB
AMAZON PRIME*WD2W52KAMZN.CO.UK/PM       GB
AMAZON PRIME*Z54N97PA2   amzn.com/billWA
AMAZON PRIME*ZT4FY7XAMZN.CO.UK/PM       GB
AMAZON.COM          AMZN.COM/BILL       WA
AMBASSADOR TRANSIT HSINGAPORE           SG
AMC Theatres
AMERICAN EXPRESS TRASEATTLE             WA
AMEX CLEAR PLUS CREDIT
AMK BRYCE CANYON GIFT    BRYCE        UT
AMZ*5a93g3xcp Lumen FieldSeattle      WA
ANA AIR 2057210998390SEATTLE WA
ANA AIR 2057210998391SEATTLE WA
ANNUAL FEE
ANNUAL FEE 07/25 THROUGH 06/26
ANTHROPIC           SAN FRANCISCO       CA
AP-1 ARABAT MOND-ETXA    GASTEIZ-VITO ES
APNA BAZAR BELLEVUE      BELLEVUE     WA
APPLE ANNIES ANTIQUE GALLCASHMERE     WA
APPLE STORE R072 R07SEATTLE             WA
APPLE STORE  #R072       SEATTLE      WA
APPLE.COM/BILL      INTERNET CHARGE     CA
APPLE.COM/BILL           800-275-2273 CA
APPLE.COM/BILL           866-712-7753 CA
ARASHIYUGIONBETTEI AKYOTO               JP
ARCO#00818RED SEA SERVIC SEATTLE      WA
ARCO#04124BELLA CHANSANDY               OR
ARCO#07060ARCO #0706BURLINGTON          WA
ARCO#82880TANG & CHEISSAQUAH            WA
ARCO#83231EMANUEL II LLC BELLEVUE     WA
ARRIZUL CONGRESS         SAN SEBASTIANES
ASUTYKYOTO ASUTYSHINJAPAN               JP
ATLAS FREMONT MALL LLC   SEATTLE      WA
ATPSEITT  M-50S-&gt;N-IITMADRID       ES
ATRE SHINAGAWA      TOKYO               JP
AUTOBACS (POS)           OSAKA        JP
AUTOBACS GROUP      MITA                JP
AUTOZONE #5197           ARLINGTON    WA
AVIS RENT A CAR     MISSOULA            MT
AWFULLY CHOCOLATE - SINGAPORE           SG
AZZIST MEMBER       TOKYO               JP
Airbnb
Amazon Prime*Z525889Q1   Amzn.com/billWA
Amazon.com*0B3HR7EO3     Amzn.com/billWA
Amazon.com*2A24M10I3     Amzn.com/billWA
Amazon.com*7J16U4U33     Amzn.com/billWA
Amazon.com*B20R95CH2 Amzn.com/billWA
Amazon.com*BH4NM58A3     Amzn.com/billWA
Amazon.com*CS6563T93     Amzn.com/billWA
Amazon.com*NN5O80NT1     Amzn.com/billWA
Amazon.com*QB3Z36JM3     Amzn.com/billWA
Amazon.com*RX1U73SC3     Amzn.com/billWA
Amazon.com*Z58QK5JE2     Amzn.com/billWA
Amazon.com*ZC3ND69W0     Amzn.com/billWA
Amazon.com*ZE7HH6781     Amzn.com/billWA
Amazon.com*ZU8UZ1MB0     Amzn.com/billWA
Amex Send: Transfer to Card-Inactivity
Anchorhead Coffee
AplPay 2420 SPANISH MOAB                UT
AplPay ALBERTSONS #0MISSOULA            MT
AplPay APPLE ONLINE CUPERTINO           CA
AplPay APPLE STORE RSEATTLE             WA
AplPay APPLE.COM/BILINTERNET CHARGE     CA
AplPay APPLE.COM/US CUPERTINO           CA
AplPay AVANTI WEST CBIRMINGHAM          GB
AplPay BOMBAY EXPRESSEATTLE             WA
AplPay BOOTS THE CHEST ANDREWS          GB
AplPay CANDY TYME WESEATTLE             WA
AplPay CHIPOTLE 2574SEATTLE             WA
AplPay CIRCLE K 6558SPOKANE VALLE       WA
AplPay CITY-MARKET #CORTEZ              CO
AplPay COFF.EE* COCOSAN FRANCISCO       CA
AplPay DURANGO BAGELDURANGO             CO
AplPay EDINBURGH TRAEDINBURGH           GB
"AplPay ETSY, INC.   BROOKLYN            NY"
AplPay FISHERIES SUPSEATTLE             WA
AplPay FUEL STOP 113EVANSTON            WY
AplPay GADGET REHAB SEATTLE             WA
AplPay GAP US 1715  SEATTLE             WA
AplPay GETYOURGUIDE DOVER               DE
AplPay GIFF'S BARBECKANAB               UT
AplPay GOFUNDME     SAN DIEGO           CA
AplPay GOOD FOOD STOMISSOULA            MT
AplPay HACHI-KO 0000SEATAC              WA
AplPay HEALTHY BEINGJackson             WY
AplPay HOLLAND & BARST ANDREWS          GB
AplPay INDIGO BC - LVANCOUVER           CA
AplPay KINOKUNIYA BOSEATTLE             WA
AplPay LIME*PASS FA6SAN FRANCISCO       CA
AplPay LS ST ANDREWSST ANDREWS          FI
AplPay LS ST ANDREWSST ANDREWS          GB
AplPay LS TUBA CITY TUBA CITY           AZ
AplPay MAVERIK #353 JACKSON             WY
AplPay MAVERIK #581 CLEARFIELD          UT
AplPay MAVERIK #613 SPOKANE             WA
AplPay MCDONALDS 137TIBSHELF            GB
AplPay MESA VERDE VIMANCOS              CO
AplPay METROPOLITAN SEATTLE             WA
AplPay MIDNIGHT COOKSeattle             WA
AplPay MOBILE PASMO TOKYO               JP
AplPay NATURAL GROCEDURANGO             CO
AplPay NORDSTROM    SEATTLE             WA
AplPay OUTDOOR EMPORSEATTLE             WA
AplPay PILOT_01195 0ELLENSBURG          WA
AplPay PY *KETTLE HOMISSOULA            MT
AplPay RACHEL'S GINGseattle             WA
AplPay RAVENNA BREWISeattle             WA
AplPay REI #11 SEATTSEATTLE             WA
AplPay REI #231 JACKJACKSON             WY
AplPay SAINSBURY'S EEDINBURGH           GB
AplPay SAMURAI NOODLSeattle             WA
AplPay SIERRA FORESTKENT                WA
AplPay SP JACK JEROMSEATTLE             WA
AplPay SPEEDWAY 4631TUBA CITY           AZ
AplPay SPOKANE KOA  SPOKANE VALLEY      WA
AplPay STEVE'S POKE Vancouver           CA
AplPay SUBWAY 47663 RICHMOND            CA
AplPay SUMUP*TAXI   DUNDEE
AplPay SUSHI%AYCE   CHICAGO             IL
AplPay TESCO STORE 3ST. ANDREWS         GB
AplPay TFL TRAVEL CHTFL.GOV.UK/CP       GB
AplPay THREE FORKS KTHREE FORKS         MT
AplPay TOWNPUMP WHITWHITEHALL           MT
AplPay TRAINLINE TraLONDON              GB
AplPay TST* ANJAPPARBELLEVUE            WA
AplPay TST* DINGFELDSEATTLE             WA
AplPay TST* HIDEAWAYSEDONA              AZ
AplPay TST* MEE SUM SEATTLE             WA
AplPay TST* MTR 3007BELLEVUE            WA
AplPay TST* THAI FUSSEATTLE             WA
AplPay TST* UMI SUSHSPOKANE             WA
AplPay UBER EATS    help.uber.com       CA
AplPay UBER TRIP    HTTPS://HELP.UBER.CO
AplPay UBER TRIP    HTTPS://HELP.UBER.COGB
AplPay WALKER TRUE VMOAB                UT
AplPay WESTGATE STATWEST YELLOWST       MT
AplPay WWW.HOSTELWORDUBLIN              CO
AplPay ZETTLE *THE NNEWPORT-ON-TAY      GB
Apple
At Seattleaquarium
BA ELECTRONIC PAYMENT
BACKWATER RIPPLES PRIV   KOTTAYAM     II
BAECKEREI HAUETER        ADELBODEN    CH
BAKERY CAFE C NAMBA *                   JP
BAMBU LAB STORE 7027AUSTIN              TX
BAR LA SENDA             LOGRONO      ES
BAR PRADOVIEJO           LOGRONO      ES
BARTELL DRUG 06931       SEATTLE      WA
BARTELL DRUG 06973 SEATTLE WA
BAY STREET    460001MONTCLAIR           NJ
BELLEVUE GUN CLUB BEBELLEVUE            WA
BIDEGI A8/A1 GIPUZKOA    DONOSTIA-SAN ES
BLACKBURN DRUG 65000JACKSON             WY
BLVD   *RUDY'S LAURELHURSSEATTLE      WA
BODEGAS PAGOS DE GANUZA  OYON         ES
BODEGON EL REFUGIO       LOGRO/O      ES
BOOTS THE CHEMIST   ST ANDREWS          GB
BRITISH AIRWAYS BritHARMONDSWORTH       GB
BROWN BEAR CAR WASH #1026SEATTLE      WA
BROWN BEAR CAR WASH - 15TSEATTLE      WA
BROWN BEAR CAR WASH - NE SEATTLE      WA
BROWN BEAR LAKE CITY SEATTLE WA
Ba Bar University
BackCountry - Seattle    Seattle      WA
Banyan Tree Thai RestauraKENT         WA
Best Buy
Borowitzreport Substac Borowitzreporca
Brownpapertickets.com
Buckaroo Annef
CACHITO MIO LARDERO
CAFE JAVASTI             SEATTLE      WA
CAFE PASQUAL'S SANTA FE NM
CALENDA PORTALES         LOGRO/O      ES
CAMP NORWESTER WWW.NORWESTERWA
CANNON EYECARE - UV      SEATTLE      WA
CARILLON POINT PARKING   KIRKLAND     WA
CARNICERIA INAKI BALERDI DONOSTIA-SAN ES
CASA VICTOR              LOGROO       ES
CASH ADVANCE FEE
CASUALFOOD 2630 1 + APM  Frankfurt am DF
CASUALFOOD  2130         Frankfurt am DF
CEDARS OF LEBANON   SEATTLE             WA
CENEX CHS NORTHWEST BLACK DIAMOND       WA
CENTARAGRANDHOTELOSAOSAKA               JP
CENTRAL CO-OP            SEATTLE      WA
CHAPULIN OAXAQUENO LLC   SEATTLE      WA
CHEVRON 0091292/CHEVNORTH BEND          WA
CHEVRON 0092584/CHEVSEATTLE             WA
CHEVRON 0097258          SEATTLE      WA
CHEVRON 0098995/CHEVPACKWOOD            WA
CHEVRON 0203477/CHEVSEATTLE             WA
CHEVRON 0203477          SEATTLE      WA
CHEVRON 0205257          SEATTLE      WA
CHEVRON 0205343          SNOQUALMIE PAWA
CHEVRON 0305496          CASTLE ROCK  WA
CHEVRON 0378582          SEATTLE      WA
CHILI'S DELI             SEATTLE      WA
CHINA EASTERN AIR CHUNITED KINGDOM      GB
CHIPOTLE 0469            BELLEVUE     WA
CHIPOTLE 1083            SEATTLE      WA
CHIPOTLE 1219            ANN ARBOR    MI
CHIPOTLE 1364            BELLEVUE     WA
CHIPOTLE 1984            SEATTLE      WA
CHIPOTLE 2554            SEATTLE      WA
CHIPOTLE 2574            SEATTLE      WA
CHIPOTLE 2935            SEATTLE      WA
CHIPOTLE 5280            SEATTLE      WA
CHIPOTLE 5396            PORT ANGELES WA
CHS INC             BLACK DIAMOND       WA
CIAL DUTYFREE AND RETA   ERNAKULAM    II
CINNAMON WORK'S          SEATTLE      WA
CIRCLE K # 09654         KIRKLAND     WA
CITY MARKET #0208 FUCORTEZ              CO
CITY OF SEATTLE          206-6845226  WA
CITY OF UMATILLA         UMATILLA     OR
CITY PEOPLE S MERC  SEATTLE             WA
CITY PEOPLE`S MERC       SEATTLE      WA
CL *TRIPCHARGES          TRIPCHRG.COM VA
CLAUDE.AI SUBSCRIPTIPASADENA            CA
CLAUDE.AI SUBSCRIPTISAN FRANCISCO       CA
CLEAR *CLEARME.COM  NEW YORK            NY
CLINE BOT INC       WILMINGTON          DE
COCOKARAFINE        KANAGAWA            JP
COGNITION LABS (DEVISAN FRANCISCO       CA
COLMAR HOME CENTER 0MARGATE CITY        NJ
COMCAST / XFINITY        800-266-2278 WA
COMCAST CABLE COMM       800-COMCAST  WA
CONCESSIONS @LUMEN FIELD SEATTLE      WA
CONVENFEE 866-492-3463 MA
CORE DEVICES        SAN FRANCISCO       CA
COSTCO *ANNUAL RENEWAL   800-774-2678 WA
COSTCO BY INSTACART      HTTPSINSTACARCA
COSTCO BY INSTACART      INSTACART.COMCA
COSTCO BY INSTACART      WWW.COSTCO.COCA
COSTCO BY INSTACART      WWW.COSTCO.COWA
COSTCO GAS #1216         BELLINGHAM   WA
COSTCO WHSE #0001        SEATTLE      WA
COSTCO WHSE #0110        ISSAQUAH     WA
COSTCO WHSE #0662        BURLINGTON   WA
COSTCO WHSE #0670        SPOKANE      WA
COSTCO WHSE #1190 LYNNWOOD WA
COSTCO WHSE #1190        LYNNWOOD     WA
COSTCO WHSE#1216         BELLINGHAM   WA
COURSEFORHIPAA.COM 407-9066254 FL
COVERSANDALL.COM         COVERSANDALL.GA
COVERSANDALL.COM         SUWANEE      GA
COYOTE CAFE SANTA FE NM
CPI*CANTEEN VENDING EVERE800-628-8363 WA
CRACKER BARREL #407 MISSOULA            MT
CRAFT TREE               ERNAKULAM    II
CRYSTAL MOUNTAIN 360-663-3020 WA
CSA-GGA-DAMAGE INSURAN clover.com CA
CTLP*CANTEEN VENDING S   CHARLOTTE    NC
CU4TRO                   LOGRONO      ES
CURSOR USAGE  APR   NEW YORK            NY
CURSOR USAGE  DEC   NEW YORK            NY
CURSOR USAGE  FEB   NEW YORK            NY
CURSOR USAGE  JAN   NEW YORK            NY
CURSOR USAGE  MAR   NEW YORK            NY
CURSOR USAGE  MAY   NEW YORK            NY
CURSOR USAGE MID  APNEW YORK            NY
CURSOR USAGE MID  MANEW YORK            NY
"CURSOR, AI POWERED INEW YORK            NY"
CVS
CVS/PHARMACY #10387      SEATTLE      WA
Cafe Javasti
Chevron
Chipotle
City of Durango          DURANGO      CO
Comcast
Costco
Crazy Sports Ltd.        Adelboden    CH
Crystal Mountain TikEnumclaw            WA
Cyclical Design Produseattle
DAISO JAPAN - ION SINGAPORE
DANDADAN ASAKUSATEN TOKYO               JP
DD *DOORDASH BABAR
DD *DOORDASH BABAR       DOORDASH.COM CA
DD *DOORDASH BAITONGTH   DOORDASH.COM CA
DD *DOORDASH DINGFELDE   DOORDASH.COM CA
DD *DOORDASH KEDAIMAKA   DOORDASH.COM CA
DD *DOORDASH MAMNOON     DOORDASH.COM CA
DD *DOORDASH MONSOONSE   DOORDASH.COM CA
DD *DOORDASH NOITHAICU   DOORDASH.COM CA
DD *DOORDASH SISTERSAN   WWW.DOORDASH.CA
DECATHLON LOGRONO LOGRONO
DECATHLON VYTTILA 1323   KOCHI        II
DEERLINE AIR        NARA                JP
DEFY SEATTLE        TUKWILA             WA
DELAURENTI ITALIAN  INTERSEATTLE      WA
DENIMIO             heng bang shi bao tuKA
DESIGN MUSEUM SHOP PSINGAPORE           SG
DIAMOND PARKING SERVICES 509-295-6490 WA
DICK'S DRIVE IN BROASEATTLE             WA
DICK'S DRIVE IN EDMONDS  EDMONDS      WA
DICKS SPORTING GOODS1419 SEATTLE      WA
DIPMAHALTAMEIKESANNOTOKYO               JP
DISCORD* NITROYEARLYSAN FRANCISCO       CA
DISCOUNT-TIRE-CO WASSEATTLE             WA
DROPPS                   WWW.DROPPS.COIL
DTW CNBC SMARTSHOP       Detroit      MI
DTW MOD Pizza            Detroit      MI
DUNHAMS 068              ALPENA       MI
DUNN BELLEVUE
DUNN GREENLAKE           SEATTLE      WA
DUNN LAKE UNION SEATTLE WA
DUNN LAKE UNION          SEATTLE      WA
DUNN LUMBER         SEATTLE             WA
DUNN LUMBER CO      BELLEVUE            WA
Dairy Queen
Dick's Drive-In
Dick's Sporting Goods
Dicks Sporting Goods     Seattle      WA
DoorDash
Dropps
Dsquared Hospitality Seattle
E.S. MUSAKOLA            MONDRAGON    ES
EAGLE VISION CENTER JACKSON             WY
EASYJET             LUTON               GB
EB *OCTOBER H8TE 801-413-7200 CA
EINSTEIN BROS BAGELS2171 SEATTLE WA
EINSTEIN BROS BAGELS2171 SEATTLE      WA
EINSTEIN BROS BAGELSSEATTLE             WA
EIRAKUYA            KYOTO               JP
EL ANGEL PORTALES        LOGRONO      ES
ELECTRONIC PAYMENT RECEIVED-THANK
ELEPHANT CAR WASH        BELLEVUE     WA
ELTSA CUSTOM SEWING SEATTLE WA
ELTSA CUSTOM SEWING      SEATTLE      WA
END OF THE TRAIL IV ROCHESTER           WA
ENXALAO                  DONOSTIA     ES
EPIC BARBER SHOP         SEATTLE      WA
EPOCH.COM *PINKANDWH San FranciscoCA
ETEAMSPONSOR        CONCORD             CA
"ETSY, INC.               718-8557955  NY"
EVEVATED ICECREAM&CANDY  PORT TOWNSENDWA
EVIDENCE BASED TREATMENT 206-3740109  WA
EVO - SEATTLE SEATTLE WA
EXPEDIA 72063891554924   EXPEDIA.COM  NV
EXPEDIA 731180696530EXPEDIA.COM         WA
EXPEDIA 73119260004408   EXPEDIA.COM  WA
EXPEDIA 731432666940EXPEDIA.COM         WA
EXPEDIA 73181411974404   EXPEDIA.COM  WA
EXPEDIA 732451371614EXPEDIA.COM         WA
EXPEDIATSPUS        EXPEDIA.COM         WA
EXPEDITED SHIPPING FEE FOR 2068
EXPMONCAL                LOGRONO      ES
EXPO2025TICKETSITE OSAKA
EXXONMOBIL 4594     ENNIS               MT
EZELLS FAMOUS CHICKESEATTLE             WA
Einstein Bros. Bagels
El Camion Sand Poi
Erlebnisdrogerie GmbH    Adelboden    CH
Etsy
Etsy.com - Chicamaze     844-6593879  NY
Etsy.com - Multiple Shop 844-6593879  NY
Etsy.com - ProvenceDecor 844-6593879  NY
Evergreen Guardian
Expedia
Ext Credit Card Credit 4297453                  AUTOPAYLANG*!01
Ext Credit Card Credit PAYMENT - THANK YOU      BEAVERTON    OR
Ext Credit Card Debit 76 - THE POINT           SEATTLE      WA
Ext Credit Card Debit ACTBLUE* EILEEN.LAUBAC   BOSTON       MA
Ext Credit Card Debit BANK OF AMERICA          SEATTLE      DC
Ext Credit Card Debit CASH ADVANCE             BEAVERTON    OR
Ext Credit Card Debit CL *TRIPCHARGES          GLEN ALLEN   VA
Ext Credit Card Debit CLEVER COW CREAMERY      EASTSOUND    WA
Ext Credit Card Debit COUNTRY MEADOWS GOLF C   RICHMOND     BC
Ext Credit Card Debit CSAIRP90 WDP90725042679  PARIS        FR
Ext Credit Card Debit DENNY'S 03-023 KELOWNA   KELOWNA      BC
Ext Credit Card Debit EXPEDIA HOTELCOM731800   UK.HOTELS.COMGB
Ext Credit Card Debit EZELLS FAMOUS CHICKEN    SEATTLE      WA
Ext Credit Card Debit FATBURGER GUILDFORD VI   SURREY       BC
Ext Credit Card Debit FRANK'S GENERAL STORE    CHERRYVILLE  BC
Ext Credit Card Debit GNC                      SEATTLE      WA
Ext Credit Card Debit HONK PARKING             866-675-7337 ON
Ext Credit Card Debit ISLAND MARKET            EASTSOUND    WA
Ext Credit Card Debit Interest Charge on Cash A
Ext Credit Card Debit Interest Charge on Purcha
Ext Credit Card Debit JOS ITALIAN DELI         VANCOUVER    BC
Ext Credit Card Debit LITTLE UMBRELLA          VANCOUVER    BC
Ext Credit Card Debit P462086                  SEATTLE      DC
Ext Credit Card Debit PAON SURI                EASTSOUND    WA
Ext Credit Card Debit SAFEWAY #1551            SEATTLE      WA
Ext Credit Card Debit SAVE ON FOODS 2255       SURREY       BC
Ext Credit Card Debit SQ *DOWNLOW CHICKEN UB   VANCOUVER    BC
Ext Credit Card Debit SQ *ORCAS ADVENTURES &   OLGA         WA
Ext Credit Card Debit SQ *ORCAS ISLAND GOLF    EASTSOUND    WA
Ext Credit Card Debit SQ *TAQUERIA AND PUPUS   EASTSOUND    WA
Ext Credit Card Debit TST*BIG MAX BURGER CO    SEATTLE      WA
Ext Credit Card Debit TST*BOBS BURGER & BREW   BURLINGTON   WA
Ext Credit Card Debit VM PARKING GARAGE        SEATTLE      WA
Ext Credit Card Debit WA FISH & WILD LICENSE   OLYMPIA      WA
Ext Credit Card Debit WAFISH&WILDLIC-SVC*FEE   OLYMPIA      WA
Ext Credit Card Debit ZG * RENTAPPLICATION     206-516-2265 WA
FAMILY MART         *                   JP
FAMILYMART               TOKYO        JP
FEDEX OFFIC51800051847   SEATTLE      WA
FEDEX OFFICE        SEATTLE             WA
FIRE SOUL LIMITED LIda ban shi zhong yanOS
FISHERIES SUPPLY         SEATTLE      WA
FIVE GUYS WA 1027 QSSEATTLE             WA
FLEURISH 65000000762SEATTLE             WA
FLO SERVICES USA INC     WWW.FLO.COM  MI
FLOWER MATTERS-F3199SINGAPORE           SG
FRANK'S GENERAL STORE    CHERRYVILLE  CD
FRED MEYERS         BELLEVUE            WA
FREDDYS BREWPUB          KELOWNA      CD
FSP*SEATTLE BOULDERING PRSEATTLE      WA
FSP*SODO VISION CARE     SEATTLE      WA
FULLSCRIPT* R588685504 HTTPSUS.FULLSNH
FURETSUSHIYUMATOOKESUTOMONARA         JP
FURY CONSIGNMENT SEATTLE WA
Fishermens Green Market
Friction Gloves
GADGET REHAB 00-0803SEATTLE             WA
GADGET REHAB             SEATTLE      WA
GALBI BURGER BROADWAY SEATTLE WA
GAME WORKS SEATTLE KIOSKSSEATTLE      WA
"GASOLEOS MARQUEZ, S.L.   ALMAZAN (SORIES"
GB* SEATTLE JAZZED       GIVEBUTTER.CODE
GEKKEIKAN OKURAKINENKYOTO               JP
GEORGIA O'KEEFFE MUSEUM SANTA FE NM
GESTORES DE DEPORTE Y DESSAN SEBASTIANES
GIFTS GREETINGS PTE SINGAPORE           SG
GILL'S FOOD & GAS 18ENUMCLAW            WA
GINREITAXI          KYOTO               JP
GIRL SCOUTS OF THE UNITED855-530-4467 NY
GITHUB              SAN FRANCISCO       CA
"GITHUB, INC.        SAN FRANCISCO       CA"
GLANTA KYOTO SANJOKAWAR  KYOTO        JP
GLAZER'S CAMERA SEATTLE  WA       CREDIT
GLAZER'S CAMERA          SEATTLE      WA
GLOBAL JEWISH FUTURE     FUTUREOFJEWISCA
GLOVER STREET MARKET     TWISP        WA
GOODKNIGHTICE NARA SNARA                JP
GOODWILL - SEATTLE.      SEATTLE      WA
GOOGLE *AllTrails com 855-836-3987 CA
GOOGLE *CLOUD 3C872W     g.co/helppay#CA
GOOGLE *CLOUD 4TM9zV     g.co/HelpPay#CA
GOOGLE *CLOUD Dx3V98     g.co/HelpPay#CA
GOOGLE *CLOUD Q6vC4L     g.co/helppay#CA
GOOGLE *CLOUD ZS9XNz     g.co/HelpPay#CA
GOOGLE *CLOUD wB3WJ7     g.co/HelpPay#CA
GOOGLE *Disney Mobile 855-836-3987 CA
GOOGLE *Duolingo 855-836-3987 CA
GOOGLE *Google Nest      855-836-3987 CA
GOOGLE*CLOUD 75HWWL      G.CO/HELPPAY#CA
GOOGLE*CLOUD 7DHR2D      G.CO/HELPPAY#CA
GOOGLE*CLOUD KZXMRS      CC GOOGLE.COMCA
GOOGLE*CLOUD XPCZC2      CC GOOGLE.COMCA
GOSEA                    DONOSTIA     ES
GOURMET SARAWAK          SINGAPORE    SG
GRAB*A-7MH896PWWIBW8SINGAPORE           SG
GRAINGER                 800-4724643  IL
GREPTILE            MIDDLETOWN          DE
GULF OIL 92068864        HUNTINGTON   OR
Game Works
Game Works Seattle
GoFundMe Restore LearningGOFUNDME.COM CA
Goodwill
Google Cloud
Grain House Seattl
HAGGEN 3460              BELLINGHAM   WA
HAHAHA AIR          OSAKA               JP
HAKONE KOWAKIEN TENY*                   JP
HANGTAG PARKING          WWW.HANGTAG.IFL
HARBOR FREIGHT TOOLS 377 SEATTLE      WA
HATTORI TAXI        OSAKA               JP
HAWAIIAN AI 1734211890354SEATTLE WA
HAWAIIAN AIRLINES HOHONOLULU
HBO Max
HEALTHY PAWS PET INSUR   855-898-8991 GA
HEALTHY PAWS PET INSUR   WWW.HEALTHYPAGA
HEALTHY PAWS PET INSURAN TRACIM@HEALTHPA
HI NY HOSTEL 139-222NEW YORK            NY
HIGH TREK CHELAN         CHELAN       WA
HILTON SEATTLE FB        SEATTLE      WA
HILTON SEATTLE PARKING   SEATTLE      WA
HIST MUSEUM/PALACE OF GO 5054765101 NM
HLU*HULUPLUS             hulu.com/billCA
HOLIDAY MARKET           BURLINGTON   WA
HOTEL ON BOOKING.COMAMSTERDAM           NL
HOTEL SILKEN PUERTA MA   MADRID       ES
HOTWIRE REFRIGERATION    info.hotwire.WA
HP *INSTANT INK
HP *INSTANT INK          855-785-2777 CA
HP Instant Ink
HUDSON ST 1479           SEATAC       WA
HUNGRYROOT.COM HUNGRYROOT.CONY
HYATT AT OLIVE 8 F&B SEATTLE WA
HYATT AT OLIVE 8 F&B     SEATTLE      WA
Heartwoods Bonsai & Zseattle
Heinemann Duty Free/Fil.2Schonefeld   DF
Hey Bagel
Hulu
Hulu                     877-8244858  CA
IC* INSTACART INSTACART.COMCA
IC* INSTACART*SUBSCRIP   INSTACART.COMCA
IC* INSTACART            INSTACART.COMCA
IKON PASS 888-3654566 CO
IMPARK00010695U     VANCOUVER           CA
IN *SHADES BY MARKHAM LLC425-4430156 WA
IN *SYDNEY MARIE ARBORIST952-5945731  WA
IN *WRIGHT DESIGNS LLC   360-5727839  WA
INDIGO BC - LOT 034 VANCOUVER           CA
INTEGRITY ENERGY SYSTEM  425-4194676  WA
INTEREST CHARGED ON PURCHASES
INTERGLOBE AA3LPUW44430  GURGAON HARYAII
INTERGLOBE AE53W3Q55443  GURGAON HARYAII
INTERGLOBE AQZ3CVI46981  GURGAON HARYAII
INUA GROUP               WWW.INUA.GROUMT
IPPUDO - CHANGI T3       SINGAPORE    SG
ITALIAN FAMILY PIZZA     131-27305592 IL
ITALO MAX GMBH           WOHLEN AG    CH
ITO-YA                   Tokyo        JP
ITOYA HONTEN             TOKYO        JP
Ian Windham
Instacart via Instacart
Interest Charge on Cash Advances
Interest On Cash Advances
Interest on Cash Advances
Interest on Purchases
J'AIME LES CREPES  QPS
JACK'S FISH SPOT         SEATTLE      WA
JACKSON PRK GOLF #720540 2063634747   WA
JAES ASIAN BISTRO AND SUSSEATTLE      WA
JAMJUREE THAI            SEATTLE      WA
JAPAN AIRPORT BLDG SHOP  TOKYO        JP
"JARED MICHONSKI, PHD     HTTPSWWW.DRJAWA"
JEBENA CAFE & MARKET LLC SEATTLE      WA
JENNIFER LOOMIS PHOTSEATTLE             WA
JMS*YAGIBUTUGUTEN        KYOTO        JP
JOHNNY ROCKETS (PACIFIC) SEATTLE      WA
JOLLIBEE                 SEATTLE      WA
JOLLY PUMPKIN DTW        DETROIT      MI
JR CENTRAL          JAPAN               JP
JR EAST SHOPPING CENTER  SIBUYAKU     JP
JR TOKAI TOURS KYOTOKYOTO               JP
JR WEST             JAPAN               JP
JRC SMART EX        TOKYO               JP
JUDAICAWEBSTORE.COM WWW.JUDAICAWENY
Jaes Asian Bistro Andseattle
Jamaican Me Crazy        MARGATE CITY NJ
KANJI HANNKO MAKUDOUNARA                JP
KARAKU -KYOTO-SHI KY*                   JP
KARRIKA TABERNA          DONOSTIA     ES
KATHAKALI AN INDIAN EATERKIRKLAND     WA
KATO                TOKYO               JP
KATSU BURGER & BAR       SEATTLE      WA
KATTERMANS SAND POINSEATTLE             WA
KATTERMANS SAND POINT PHASEATTLE WA
KATTERMANS SAND POINT PHASEATTLE      WA
KENMORE CAMERA           KENMORE      WA
KINJIHARAJYUKUTAKESHTOKYO               JP
KIOSKSHINAGAWAKANSENTOKYO               JP
KITCHEN & MARKET-MADISON SEATTLE WA
KIWI.COM 524335     BRNO                CZ
"KOMATSU SHOJI, K.K. chuan kou shi       SA"
KRUSE MEADOWS ONPOINT CU LAKE OSWEGO  OR
KURA SUSHI          TOKYO               JP
KUROCHIKU           KYOTO               JP
"KYOTO ARTS, LLC          SEATTLE      WA"
Kate Grossman Md Pllc
Kattermans Sand Point
Kattermans Sand Point Pha
Kindle Svcs*7W2RQ5QE3    888-802-3080 WA
Kiosk                    Berlin       DF
LASTPASS.COM        BOSTON              MA
LATE FEE
LATE FEE FOR PAYMENT DUE
LAURELHURST BEACH CLUB   206-5242010  WA
LAVANDERIA OPEN BLUE LOGRONO
LAVANDERIA OPEN BLUE     LOGRONO      ES
LAWRENCE ZANE HUPPIN DPM 206-3443808 WA
LAWSON              *                   JP
LAWSON                   TOKYO        JP
LAZ PARKING ECOMMERCE    860-522-7641 CT
LAZ PARKING M28309       SEATTLE      WA
LE MERIDIEN KOCHI FRON   ERNAKULAM    II
LEE'S SUMMIT DELI & SNOQUALMIE PS       WA
LEMERIDIEN KOCHI         ERNAKULAM    II
LERNER FAMILY CAFE SEATTLE WA
LEUCHARS            GLASGOW             GB
LEV HAOLAM.COM SBUT RAHEL
LIBRO.FM AUDIOBOOKS      413-206-9290 WA
LIME*RIDE W6WR           LI.ME        CA
LINKEDINPRE *1747913LNKD.IN/BILL        CA
LINKEDINPRE *4479848LNKD.IN/BILL        CA
LINKEDINPRE *5868230MOUNTAIN VIEW
LINKEDINPRE *7915122LNKD.IN/BILL        CA
LINKEDINPRE *9533806MOUNTAIN VIEW
LINKEDINPREC *110476MOUNTAIN VIEW
LINKEDINPREC *228987MOUNTAIN VIEW
LINKEDINPREC *375223MOUNTAIN VIEW
LINKEDINPREC *552653MOUNTAIN VIEW
LINKEDINPREC *679157MOUNTAIN VIEW
LINKEDINPREC *797030MOUNTAIN VIEW
LIRR STATION TIX    JAMAICA             NY
"LISA A. EMERSON, PHD     LINKEDIN.COM/WA"
LITTLE DUCK              120-66952564 WA
LNE RAILWAY KGX STN LONDON              GB
LOWE'S OF NORTH SEATSEATTLE             WA
LS JRA BIKE SHOP    SEATTLE             WA
LS LAUGHING BUDDHA       120-63298274 WA
LS MONTLAKE BICYCLE S 186-69321801 WA
LS ST ANDREWS LINKS ST ANDREWS          FI
LUFTHAN     2204087702866NEW YORK     NY
LUFTHAN     2204088682200NEW YORK     NY
LUZERN SOLUTIONS LLC     415-429-3880 TX
LYFT   *1 RIDE 04-18     LYFT.COM     CA
LYSA MODA Y COMPLEMENTOS MADRID       ES
Lagardere Fil. 272       Frankfurt am DF
Libro.fm
Lnvm
M S HARRISONS MALAYALAM  ERNAKULAM    II
M S HARRISONS MALAYALAM  IDUKKI       II
MA'ONO U VILLAGE    Seattle             WA
MAD PIZZA                SEATTLE      WA
MAISENDO GIONTEN    KYOTO               JP
MAPLE FUELS WASH A TON   MAPLE FALLS  WA
MAPLE LEAF ACE 0000 SEATTLE             WA
MAPLE LEAF ACE SEATTLE WA
MAPLE LEAF ACE           SEATTLE      WA
MARIA ESTHER MARTINEZ    DONOSTIA SAN ES
MARLAI FINE THAI CUISINE SEATTLE      WA
MARUMARU                 NARA         JP
MASHSG SINGAPORE
MAX UND MORITZ           BERLIN       DF
MCDONALD'S          NORTH BEND          WA
MCDONALD'S               TOKYO        JP
MCMASTER-CARR            630-834-9600 IL
MDSEELIG                 MDSEELIG.COM WA
MENB529 MENCHIES QUEEN   SEATTLE      WA
MESA VERDE NATIONAL MESA VERDE NA       CO
METHOW VALLEY CIDERHOUSE WINTHROP     WA
METROPOLIS PARKING       METROPOLIS.IOTN
METROPOLITAN CAFE & DELI SEATTLE      WA
METROPOLITAN MARKETSSEATTLE             WA
METROPOLITAN MARKET      KIRKLAND     WA
METROPOLITAN MKT 15 SEATTLE WA
METROPOLITAN MKT 15      SEATTLE      WA
MICROSOFT*XBOX      MSBILL.INFO
MIGADU.COM EMAIL SRVSCHACHEN B. REUTE   ZH
MIGAKU SEATTLE WA
MIKONOS GRAN VIA LOGRONO
MOBILE PAYMENT - THANK YOU
MOBILE SUICA APPLE V     TOKYO        JP
MOD PIZZA BARKLEY        BELLINGHAM   WA
MODMEDUS_MP*TETON ORJACKSON             WY
MONICA'S TLC GROOMINSEATTLE             WA
MONTANA ACE - EASTGATE   MISSOULA     MT
MPIX 620-231-8050 KS
MS* NO.1APARTMENTS-ST    GLASGOW      GB
MTNGEAR                  120-64662233 WA
MUD BAY UNIVERSITY VILLAGSEATTLE WA
MUD BAY UNIVERSITY VILLAGSEATTLE      WA
MUNNAR SPICE PALACE      IDUKKI       II
Max
Mdseelig
Menchie's Frozen Yogurt
Metropolitan Market
Mioposto Eastlake
Monica's Grooming
Mud Bay Pet Supplies
My Favorite Deli
NAVAJO NATION MONUMENT VAMONUMENT VALLUT
NETFLIX.COM              NETFLIX.COM  CA
NIKKOUMARUSHOKUDOU PKANAGAWA            JP
NISHINO             SEATTLE             WA
NJT-PAYGO - OR170008ORANGE              NJ
NOCHE Y DIA GRAN VIA 67  LOGRONO      ES
NORDLAND GENERAL STORE
NORDRACKCOM8889666283 888-966-6283 CA
NORDSTROM DIRECT #0808 800-285-5800 IA
NORDSTROM RACK #138 BELLEVUE WA
NORDSTROM#1 SEATTLE WA
NORTH LAKE MARINA        425-487-2676 WA
NORWEGIAN AIR S
NYCT PAYGO          NEW YORK            NY
NYTIMES* 800-698-4637 NY
NYTimes.COM NY TIMES(800)698-4637       NY
Netflix
Netflix.com              408-5403700  CA
Netflix.com              netflix.com  CA
Netflix                  1 8445052993 CA
Nick
North Lake Marina
Nourish Foods
O'REILLY 2527            SEATTLE      WA
O'Reilly Auto Parts
OBUBUTEA AIR        KYOTO               JP
OHORI'S COFFEE SANTA FE NM
ONLINE PAYMENT - THANK YOU
ONLY YOU HOTEL ATOCHA    MADRID       ES
OPENAI              SAN FRANCISCO       CA
OPENAI *CHATGPT SUBSSAN FRANCISCO       CA
OPENAI* CHATGPT CREDSAN FRANCISCO       CA
OPTUM CARE WA MY CHART   425-258-3900 WA
ORCA                     888-988-6722 WA
ORCA                     8889886722   WA
ORIENTAL SUPERMARKET     KELOWNA      CD
OSAKA CASTLE        OSAKA               JP
Oester Sport AG          Adelboden    CH
Olympic Equipment Rentals
PAGLIACCI MADISON        SEATTLE      WA
PAGLIACCI SAND POINT     206-726-1717 WA
PAGLIACCI SAND POINT     SEATTLE      WA
PAMPANO EVENTOS          LOGRONO      ES
PAMPER HAUS              415-754-0166 CA
PARKING OKENDO-PAGO EMV  DONOSTIA-SAN ES
PATAGONIA           VENTURA             CA
PATH TAPP PAYGO CP  NEW JERSEY          NJ
PAYBYPHONE DIAMOND PAR   877-6102054  WA
PAYPAL *80 20 INC        260-248-8030 IN
PAYPAL *ARSENIC ANY 4029357733          VT
PAYPAL *ARSENIC ANY 518-727-8838 VT
PAYPAL *ARSENIC ANY 5187278838          VT
PAYPAL *ARSENIC ANY AR 4029357733 CA
PAYPAL *ARSENIC ANY AR 4029357733 VT
PAYPAL *ARSENIC ANY ARSEN402-935-7733 CA
PAYPAL *ARSENIC ANY ARSEN402-935-7733 VT
PAYPAL *ATLANTICBRI      8005332210   NY
PAYPAL *B H PHOTO   8002215743          NY
PAYPAL *BAMBULABUSA 512-915-9986 TX
PAYPAL *BLACKSTRAP BLACKS402-935-7733 OR
PAYPAL *BLUEBIRDGRA      509-996-3526 WA
PAYPAL *CHEWY INC        402-935-7733 FL
PAYPAL *CLOUDFLARE  4029357733          CA
PAYPAL *DR BRONNERS DR BR402-935-7733 CA
PAYPAL *DROPPS           402-935-7733 IL
PAYPAL *EBAY US 786-762-515 CA
PAYPAL *EBAY US          786-762-515  CA
PAYPAL *EBAY US          786762515    CA
PAYPAL *ETSY INC    4029357733          NY
PAYPAL *ETSY INC    8446593879          NY
PAYPAL *ETSY INC SAN JOSE NY
PAYPAL *ETSY INC         402-935-7733 NY
PAYPAL *ETSY INC         4029357733   CA
PAYPAL *EURO PRO         402-935-7733 MA
PAYPAL *EVO 2068199672 WA
PAYPAL *FANDANGO    8668575191          CA
PAYPAL *FANDANGO 866-857-5191 CA
PAYPAL *HBOMAX HELP.HBOMA402-935-7733 NY
PAYPAL *HOME DEPOT       402-935-7733 GA
PAYPAL *HUEL 402-935-7733 NY
PAYPAL *IEFSPACESPT 91051816
PAYPAL *JINUOKEJM9S      4029357733   HK
PAYPAL *LABORATORYC      8002227566   NC
PAYPAL *LIME RIDE IB4029357733          CA
PAYPAL *LITB             4029357733   HK
PAYPAL *MACNAUGHT U MACNA813-628-5506 FL
PAYPAL *MADRASCARTL      402-935-7733 CA
PAYPAL *MOUSPRODUCT 35314369001
PAYPAL *MSNOW MSNOW 4029357733          MI
PAYPAL *ONSENBOY         402-935-7733 CA
PAYPAL *PANTHER RV PANTHE402-935-7733 WA
PAYPAL *PATHSPEAKSP      7162130350   NY
PAYPAL *PETSNOWY         402-935-7733 CA
PAYPAL *PUGETSOUNDE      4029357733   WA
PAYPAL *QUAD LOCK   4029357733          AU
PAYPAL *REGALCINEMA 8778355734          TN
PAYPAL *REI         4252788570          WA
PAYPAL *RITIK            402-935-7733 CA
PAYPAL *STANCE 949-391-9030 CA
PAYPAL *STATEBANKIN      2227535771   SG
PAYPAL *STEAM GAMES 4259522985          WA
PAYPAL *SVALBOARD SVALBOA402-935-7733 CA
PAYPAL *SYDNEY.MARIEJO   402-935-7733 CA
PAYPAL *TRAINLINE        07725264272  GB
PAYPAL *TRYHACKME 35314369001
PAYPAL *UNICYCLE 6784944962 GA
PAYPAL *VISHNU FREE 4029357733          UT
PAYPAL *VISHNUFREES 4029357733 CA
PAYPAL *WAKAKUSA CU WAKAK402-935-7733 CA
PAYPAL *WHITE TOP A WHITE4029357733   CA
PAYPAL *WORLDFOOTBA 9708709898          CO
PAYPAL *WORLDPACKER 786-897-1926 FL
PCC - BURIEN             BURIEN       WA
PCC - VIEW RIDGE SEATTLE WA
PCC - VIEW RIDGE         SEATTLE      WA
PEKING GARDEN AG         ZUERICH      CH
PHO EVER LLC             BELLEVUE     WA
PHO SHIZZLE LLC 00-0SEATTLE             WA
PHOTAIR 18               FRANKFURT    DF
PIE FOR THE PEOPLE NSNOQUALMIE PASS     WA
PIKE&PINE ST2275         SEATTLE      WA
PLAID PANTRY #309        SEATTLE      WA
PLUSTABENTOKYOTOKANSKYOTO               JP
POKE ALICE 2 SEATTLE WA
POKEMON CENTER TOKYOTOKYO               JP
POPEYES 13798 1379  GRAHAM              WA
POSH PAWS                SEATTLE      WA
PP*LAURELHURST BEACH CLUBSEATTLE      WA
PP*NORDISCOCOR           8476471424   IL
PREMIUM PARKING P551SEATTLE             WA
PRIME PARKING SYSTEMS LL RENTON       WA
PRO SKI SEATTLE     SEATTLE             WA
PROCLUB BELLEVUE         BELLEVUE     WA
PROGRESSIVE *INSURANCE   800-776-4737 OH
PUBLIC HOUSE RITZ        NARA         JP
PUGET SOUND ENERGY INC   888-225-5773 WA
PURE FOOD FISH MARKET    SEATTLE      WA
PURPLE INNOVATION LLLEHI                UT
PY *B&E MEATS AND SEAFOODSEATTLE      WA
PY *ONSITE NEWS 0000PHILADELPHIA        PA
PY *RANCHO SEDONA RV PARKSEDONA       AZ
PY *RANCHO SEDONA RVSEDONA              AZ
PY *TACO DEL MAR - AAUBURN              WA
Pagliacci Madison
"ParkWhiz, Inc.           Chicago      IL"
PayByPhone Parking
Peony
Pike Place Market Pda
Pilot Flying J
Portland Ultimate Flyportland
Prime Video *ZD7N08B62   888-802-3080 WA
Prime Video *ZG4NX6QF0   888-802-3080 WA
Prime Video *ZP4IK6970   888-802-3080 WA
Pro Ski
Pureforyou Cout
QFC                 SEATTLE             WA
QFC #5807 SEATTLE WA
QFC #5807                SEATTLE      WA
QFC #5838                KIRKLAND     WA
QFC #5866 SEATTLE WA
QFC #5872                SEATTLE      WA
QFC - SOUND VIEW    SEATTLE             WA
QUANTUM FIBER
QUANTUM FIBER            833-250-6306 LA
QUICKEN INC 650-250-1900 CA
QUIZLET.COM         510-495-6550        CA
Quality Food Centers
Quantum Fiber
R&R PRODUCTS             520-8893593  AZ
RAKUTENPAY CARAMELBISCUITNARA         JP
RAVENNA ANIMAL HOSPITAL  SEATTLE      WA
RED LIGHT                SEATTLE      WA
RED ROBIN NO 12 SEATTLE WA
REG THORNTON 14  193SEATTLE             WA
REI #11 SEATTLE     SEATTLE             WA
REI #11 SEATTLE          SEATTLE      WA
REMARKABLE          OSLO                OS
REMARKABLE OSLO
RENEWAL MEMBERSHIP FEE
RESTAURANT CHEF PILLAI   ERNAKULAM    II
RESTAURANTE EL MANA      LOGRONO      ES
RESTAURANTE MONTYS       MADRID       ES
RESTAURANTE TAL CUAL     LOGRONO      ES
RF *MDSEELIG             206-456-2500 WA
RIDGE PIZZA              SEATTLE      WA
RIO BRAVO 0688800220NORTH BEND          WA
ROOSEVELT VISION ROOSEATTLE             WA
RP* SUMMIT AT SNOQUALM ROVERPASS.COMTX
RUELALA*MMSMOORSLQ RUELALA.COM MA
RUELALA*MMSQOQQPNT RUELALA.COM MA
RUELALA*MMTMNQRMTU RUELALA.COM MA
RV TOWN 436845559151EASTON              WA
Raccolto
Ridge
Rockler WW  Hdwe 02      Seattle      WA
Rudy's
S       A                206-3236600  WA
SAAS GAME TICKET         WWW.SEATTLEACWA
SAFEWAY #0423            SEATTLE      WA
SAFEWAY #0494 0494  ENUMCLAW            WA
SAFEWAY #1207            SEDONA       AZ
SAFEWAY #1493 SEATAC WA
SAFEWAY #1528 1528  NORTH BEND          WA
SAFEWAY #1551 SEATTLE WA
SAFEWAY #1589            LEAVENWORTH  WA
SAFEWAY #1665 1665  REDMOND             OR
SAFEWAY 3275             SEATTLE      WA
SAFEWAY FOOD STORE  ISSAQUAH            WA
SAFEWAY FUEL STATIONARLINGTON           WA
SAFEWAY FUEL0534         ARLINGTON    WA
SAILY INC.          LEWES               DE
SAND POINT GRILL SEATTLE WA
SANDORATSUGU             FUCHU        JP
SANTO COFFEE CO.         SEATTLE      WA
SARAHS HAND EMBROIDERY   ERNAKULAM    II
SCANDINAVIAN AI
SCANDINAVIAN AIRLINEUNITED STATES OF AME
SCC ONLINE PARKING       SEATTLE      WA
SCISSORS & SCOTCH 43SEATTLE             WA
SCOTTS DAIRY FREEZE NORTH BEND          WA
SDOT PAYBYPHONE PARKING 206-684-5260 WA
SDOT PAYBYPHONE PARKING  2066842489   WA
SDOT PAYBYPHONE PARKING  2066845260   WA
SEA AIRPORT PARKING 2067874069 WA
SEA AIRPORT PARKING SEATTLE             WA
SEA AIRPORT PARKING      2067874069   WA
SEA PEETS COFFEE SS 1310 TUKWILA      WA
SEA SMITH COVE 6951113 888-3100583 WA
SEATTLE BOAT CO. FUEBELLEVUE            WA
SEATTLE MAKERS      SEATTLE             WA
SEATTLE METER PARKING    2066842489   WA
SEATTLE METER PARKINSEATTLE             WA
SEATTLE U CAMPUS STORE   SEATTLE      WA
SEATTLE UNIVERSITY CAMPUSSEATTLE      WA
SEATTLEACADEMY 206-676-6894 WA
SERCOTEL LOGRONO         LOGRONO      ES
SEVEN ELEVEN        *                   JP
SEVEN-ELEVEN             TOKYO        JP
SHELL C44048        LUMBY               CA
SHELL OIL 10007312001    SEATTLE      WA
SHELL OIL 52175500058    PINCONNING   MI
SHELL OIL 57444157002    POULSBO      WA
SHELL OIL 57445958606    SEATTLE      WA
SHELL OIL10006032014     SEATTLE      WA
SHELL OIL10006227010     SEATTLE      WA
SHELL OIL12504839015     SEATTLE      WA
SHELL SERVICE STATIOEASTON              WA
SHELL SERVICE STATIOEDMONDS             WA
SHELL SERVICE STATIOSEATTLE             WA
SHELL SERVICE STATIOSUNRIVER            OR
SHELLFISH LOGRONO        LOGRONO      ES
SHORELINE SCHOOL DISTRICT206-3934215 WA
SHOVEL              GREENLAND           NH
SHREE GAS STATION THORP  THORP        WA
SILK PALACE              IDUKKI       II
SIMPLY CHILE LOGRONO
SIMPLY CHILE             LOGRONO      ES
SINGAPOREAIR UNITED UNITED STATES       NY
SINGAPOREAIR6184574088375-            NY
SINGAPOREAIR6184574088376-            NY
SIXT RENT A CAR SLU PALMA DE MALLORCA
SKAGIT GEN STR           ROCKPORT     WA
SLIDEWATERS WATERPARK    CHELAN       WA
SMITH BROTHERS FARMS     877-6455626  WA
SMITHOPTICS.COM SMITHOPTICS.COR
SMOKEANDSPIN        OSAKA               JP
SNB S201121         Manchester          GB
SNORKEL HOT TUBS INC     800-9626208  WA
SODEXO LIVE AT WSF       253-2268578  WA
SOLE FOOD SEATTLE WA
SOSIO'S PRODUCE          SEATTLE      WA
SOUVENIR SCHEIDEGGER     ADELBODEN    CH
SP A LA MAISON DE PR     ALAMAISONDEPRFL
SP BIA SLEEP        VANCOUVER           CA
SP DMOOSEFITNESS         DMOOSE.COM   WY
SP ENGINEERED NOW ENGINEEREDNOWCO
SP FELLOW PRODUCTS FELLOWPRODUCTCA
SP HENSON SHAVING        KITCHENER NORCD
SP HONEY STINGER HONEYSTINGER.CO
SP J-B WELD              ORDER.JBWELD.GA
SP JACK JEROME 120-65245225 WA
SP MODERNTRIBE           MODERNTRIBE.CTX
SP MOTION BOARDSHOP SEATTLE             WA
SP NATURE MADE           NATUREMADE.COCA
SP PAMPER HAUS DESIGN STORE.PAMPERHCA
SP PEACE LOVE HAPPINES   120-65471211 WA
SP PUREFORYOU            PUREFORYOU.COUT
SP SHOP GOLD DOGS        120-64991811 WA
SP SPIRITUAL GANGSTE SPIRITUALGANGCA
SP STORY IN A BOTTLE W   142-55909326 WA
SP STUDIORA BOUTIQUE     120-67172131 WA
SP TWISTONLINE           187-72486790 OR
SP UNIVERSITY BOOK STO   120-66343400 WA
SP UNIVERSITY BOOK STO   UBOOKSTORE.COWA
SP VC ULTEUIMATE    LONDON              GB
SP VLOUSNOW.COM     BETHESDA            MD
SP VLOUSNOW.COM VLOUSNOW.COM MD
SPICE TREE MUNNAR        IDUKKI       II
SPO*BYREK&BAGUETTE       SEATTLE      WA
SPO*MIRAKUTEISUSHI&RAMEN PORTLAND     OR
SPOT                     WWW.GLOBALSTALA
SPOTHERO 844-356-8054    SPOTHERO.COM IL
SQ *AUT-TO MOCHA 6       Cashmere     WA
SQ *BATCH BAKING COMPANY SEATTLE      WA
SQ *BLANK SLATE CREAMERY Ann Arbor    MI
SQ *CAPITOL HILL - WESTMASeattle      WA
SQ *CATERING BY L'EXPERIEBellevue     WA
SQ *CHELAN STATION RERUNSCHELAN       WA
SQ *CINNAMON TWISP BAKERYTWISP        WA
SQ *DIPPY'S ICE CREAM    Seattle      WA
SQ *DON AND JOE'S MEATS  SEATTLE      WA
SQ *DOWNTOWN BAGEL CO    Seattle      WA
SQ *DRIFTWOOD NATURAL SKIgosq.com WA
SQ *DSQUARED HOSPITALITY Seattle      WA
SQ *FRANKIE & JO'S       Seattle      WA
SQ *FRED HUTCH CANCER CENSeattle      WA
SQ *FULCRUM MOUNTAINTOPS Seattle WA
SQ *INHABIT DESIGN WORKS PORTLAND     OR
SQ *IRWIN'S BAKERY AND CASEATTLE      WA
SQ *JOEY UNIVERSITY VILLASeattle WA
SQ *JUNI VINTAGE         Seattle      WA
SQ *KATE GROSSMAN MD PLLCgosq.com     WA
SQ *LITTLE CONEY         SEATTLE      WA
SQ *LULA SEATTLE WA
SQ *LUNA BELLA'S CONSIGNMVashon WA
SQ *MACRINA - CAPITOL HILSeattle      WA
SQ *MACRINA BAKERY - ALOHSeattle      WA
SQ *MAINSTAY PROVISIONS DSeattle WA
SQ *MAINSTAY PROVISIONS DSeattle      WA
SQ *MEOW WOLF SANTA FE LLSanta Fe NM
SQ *MIDNIGHT COOKIE COMPASeattle      WA
SQ *MIGHTY-O DONUTS CAPITSeattle      WA
SQ *MOLLY MOON'S MADRONA Seattle      WA
SQ *MOLLY MOON'S UVILLAGESeattle      WA
SQ *MOUNTAIN MEALS AND CAChelan       WA
SQ *PACHA COLLECTIVE     Seattle      WA
SQ *PANDA PHOTOGRAPHIC LASeattle      WA
SQ *PAYS PROVENCAL       Bainbridge IsWA
SQ *PEONY                gosq.com     WA
SQ *PETIT PIERRE BAKERY  Seattle      WA
SQ *PICNIC POP-UP CHEESE Cerrillos NM
SQ *PROCTOR FARMERS MARKESeattle      WA
SQ *QUEEN ANNE COFFEE CO.Seattle      WA
SQ *RACHEL'S GINGER BEER seattle      WA
SQ *RAVENNA BREWING CO Seattle WA
SQ *RAVENNA BREWING CO   Seattle      WA
SQ *SAMURAI NOODLE NATIONSeattle      WA
SQ *SEATTLE GRAND CENTRALSeattle      WA
SQ *SEATTLE POPS - FARMEREdmonds      WA
SQ *SEATTLE POPS - FARMERSeattle      WA
SQ *SHAKE SHACK          Seattle      WA
SQ *SHERIS SWEET SHOPPE  Winthrop     WA
SQ *SOUTH LAKE UNION FRESSeattle      WA
SQ *STARFIRE SPORTS      Tukwila      WA
SQ *STYLECLASSEDGE Seattle WA
SQ *STYLECLASSEDGE       Seattle      WA
SQ *SUNRISE COFFEEHOUSE  Port TownsendWA
SQ *TACOS CHUKIS CENTRAL Seattle      WA
"SQ *TINY'S ORGANIC, LLC  Seattle      WA"
SQ *VISIBLE COFFEE ROASTESeattle WA
SQ *VOLUNTEER PARK CAFE &Seattle WA
SQ *WESTMAN'S BAGEL AND CSeattle      WA
SQ*BUMPODO               TOKYO        JP
SQ*DENIMIO               TOKYO        JP
SQ*RIVIVE                OSAKA        JP
SQ*SQUARE MERCHANT       NARA         JP
SQ*TEAPOND KIYOSUMI-SHIRATOKYO        JP
SQSP* DOMAIN#2019485NEW YORK            NY
SQSP* DOMAIN#2019489NEW YORK            NY
SQSP* DOMAIN#2021995NEW YORK            NY
SQSP* DOMAIN#2023197NEW YORK            NY
SQSP* DOMAIN#2057487NEW YORK            NY
SQSP* DOMAIN#2061082NEW YORK            NY
SQSP* INV177244147  NEW YORK            NY
SQSP* INV183850886  NEW YORK            NY
SRSMRKTPLACE.COM 9311    847-286-2500 IL
ST ANDREWS LINKS - TST. ANDREWS         GB
ST ANDREWS SHUTTLE LDUNFERMLINE         GB
ST ANDREWS UNIVERSITFIFE                FI
STARBUCKS 02810          SEATTLE      WA
STARBUCKS 03238          SEATTLE      WA
STARBUCKS COFFEE JAP*                   JP
STARBUCKS COFFEE JAPAN   TOKYO        JP
STARBUCKS CONC C PHL     PHILADELPHIA PA
STARBUCKS EVENINGS SEA   SEATTLE      WA
STARBUCKS STORE 02810 SEATTLE WA
STARBUCKS STORE 02810    SEATTLE      WA
STARBUCKS STORE 02958    SEATTLE      WA
STARBUCKS STORE 03204    SEATTLE      WA
STARBUCKS STORE 03238    SEATTLE      WA
STARBUCKS STORE 03324    SEATTLE      WA
STARBUCKS STORE 03376    SEATTLE      WA
STARBUCKS STORE 11158    SEATTLE      WA
STARBUCKS STORE 47207    BELLEVUE     WA
STARBUCKS STORE 85766    RIDGEFIELD   WA
STARLINK INTERNET        310-6829683  CA
STEVE'S POKE BAR - CVancouver           CA
STONEWAY HARDWARE BALLAR SEATTLE  CREDIT
STONEWAY HARDWARE BALLAR SEATTLE      WA
STUDIO 45           SEATTLE             WA
SUBWAY 22280             SEATTLE      WA
SUBWAY 47663        RICHMOND            CA
SUMMIT              *                   JP
SUMMIT AT SNOQUALMIE ECOM425-4347669 WA
SUMMIT AT SNOQUALMIE F&B SNOQUALMIE PAWA
SUMMIT AT SNOQUALMIESNOQUALMIE PA       WA
SUMMIT AT SNOQUALMIESNOQUALMIE PASS     WA
SUMUP  *ZW GASTRO GMBH   WILDERSWIL   CH
SUN MOUNTAIN LODGE       WINTHROP     WA
SUNCOVE MARKET           ORONDO       WA
SUPER SAVE GAS #11       MERRITT      CD
SUSHI KIZAEMON AIR  KYOTO               JP
SWALLOWTAIL GARDEN SEEDS 707-3267070  CA
SWANSONS NURSERY 2       SEATTLE      WA
SWEETGREEN 11TH + PINE   SEATTLE      WA
SWEETGREEN SOUTH LAKE SEATTLE WA
Sarasa N/AP15 NAVARRA    PAMPLONA     ES
Science Olympiad Inc
Seattle Municipal Court
Seattle Symphony         Seattle      WA
Seattle University
Shake Shack
Shell
Sky Garden Center
Sky Lagoon - Retail Ca   Kopavogur    IS
Sky Zone Seattle Tukwila Tukwila      WA
Smith Brothers Farms
Southgate Roller Rinkseattle
Spo
Spotify
Spotify P390163664       New York     NY
Spotify P39FBA334F       New York     NY
Spotify P3AFAA7E5A       New York     NY
Spotify P3CDC3B795
Spotify USA              877-7781161  NY
Starbucks
Starlink
Starlink                 Hawthorne    CA
Subway
Subway 25523             Seattle      WA
Subway 27300             Seattle      WA
Sully Eats
Swing Sandwiches and Seattle
Sydney.mariejo
T-MOBILE PARK            206-6643185  WA
TACO BELL           BELLEVUE            WA
TACO BELL 031340         REDMOND      WA
TACOMA SCREW PRODUCTS INCSEATTLE      WA
TAXI CARD OSAKA KOZIOSAKA               JP
TEAMLAB PLANETS TOKYO    03-6670-3911 JP
TEN THOUSAND WAVES 150-59829304 NM
TENNIS CENTER AT SANSEATTLE             WA
TENPOZAN MARKET PLACE    OSAKA        JP
TESLA INC SUPERCHARGPALO ALTO
TESLA MOTORS CANADA TORONTO
TESLA SUBSCRIPTION US    PALO ALTO    CA
TFL TRAVEL REFUND   TFL.GOV.UK/CP       GB
THANH VI 0000       SEATTLE             WA
THE BERRY SPOT      SINGAPORE           SG
THE BISTRO          JACKSON             WY
THE FREE PRESS      NEW YORK            NY
THE GRATEFUL BREAD SEATTLE WA
THE GRATEFUL BREAD       SEATTLE      WA
THE HARVEST VINE    SEATTLE             WA
THE HOME DEPOT      REDMOND             WA
THE HOME DEPOT #4702     SEATTLE      WA
THE HOME DEPOT #4706     SEATTLE      WA
THE HOME DEPOT #4715     BELLINGHAM   WA
THE NEW STAND ST2889 SEATTLE WA
THE POINT                SEATTLE      WA
THE STATION CC           SEATTLE      WA
THEWAGYUBROTHERS PG TOKYO               JP
THIRD PLACE BOOKS ONLINE 206-366-3333 WA
THORNE RESEARCH     SUMMERVILLE         SC
THREE GIRLS BAKERY       SEATTLE      WA
THREE SACKS FULL         SEATTLE      WA
TIA SOPHIA'S RESTAURANT SANTA FE NM
TICKET COUNTER      TOKYO               JP
TICKET VENDING JMMS TOKYO               JP
TM *JON BATISTE 800-653-8000 CA
TM *SEATTLE MARINERS-T   800-653-8000 CA
TM *TICKETMASTER         800-653-8000 CA
TOCK AT*TAVERN LAW TAVERNLAW.CO IL
TOCK AT*TAVERN LAW       2063229734   IL
"TONAL SYSTEMS, INC       TONAL.COM    CA"
TOTAL WINE AND MORE      BELLEVUE     WA
TPD WEDGWOOD 103         SEATTLE      WA
TRADER JOE S #130        SEATTLE      WA
TRADER JOE S #137 00SEATTLE             WA
TRAINLINE Trainline LONDON              GB
TREXMED             EDINBURGH           GB
TRINITY NIGHTCLUB SESeattle             WA
TST* 7TH STREET BURGNEW YORK            NY
TST* ANCHORHEAD COFFEE - SEATTLE      WA
TST* BA BAR - CAPITOSEATTLE             WA
TST* BBS TERIYAKI GRSEATTLE             WA
TST* BURGERMASTER - UNIVESEATTLE      WA
TST* CARMELO'S TACOS - CHSEATTLE      WA
TST* CHURCHILL'S STESPOKANE             WA
TST* EL CAMION - SAND POISEATTLE      WA
TST* EL CAMION - SANSEATTLE             WA
TST* GRADUATE ANN ARBOR  ANN ARBOR    MI
TST* GRAIN HOUSE - SEATTLSEATTLE      WA
TST* HEY BAGEL 00206SEATTLE             WA
TST* JAMBA JUICE - 521 - SEATTLE      WA
TST* JUST PHO YOU 00NEW YORK            NY
TST* KEDAI MAKAN CAPSEATTLE             WA
TST* MR. WEST - UNIVERSITSEATTLE      WA
TST* ROUGH & TUMBLE PUB  SEATTLE      WA
TST* SAINT BREAD 000SEATTLE             WA
TST* SIZZLE&CRUNCH USEATTLE             WA
TST* TASTE OF INDIA SEATTLE             WA
TST* VIOLET SEATTLE      SEATTLE      WA
TST* ZABARS 00005814NEW YORK            NY
TST*AGUA VERDE CAFE Seattle WA
TST*AGUA VERDE CAFE      Seattle      WA
TST*ANCHORHEAD COFFEE -  Seattle      WA
TST*BA BAR - SOUTH LAKE Seattle WA
TST*BA BAR - UNIVERSITY  SEATTLE      WA
TST*BALLARD PIZZA        Seattle      WA
TST*BELLE EPICUREAN - EA Seattle WA
TST*BLAZING BAGELS - BLA Seattle WA
TST*BLAZING BAGELS - BLA Seattle      WA
TST*BLAZING BAGELS - ISS Issaquah     WA
TST*BOBS BURGER & BREW   Burlington   WA
TST*BOMBAY BURGER        Seattle      WA
TST*BOUNTY KITCHEN Seattle WA
TST*BOUNTY KITCHEN       Seattle      WA
TST*CAFFE FIORE - QA     Seattle      WA
TST*CARMELOS TACOS - SE Seattle WA
TST*DINGFELDERS DELICAT  Seattle      WA
TST*EL CAMION - SAND POI Seattle WA
TST*EL CAMION - SAND POI Seattle      WA
TST*GASWORKS BREWERY Seattle WA
TST*GRAIN HOUSE - SEATTL Seattle      WA
TST*HEY BAGEL            Seattle      WA
TST*JUPITER              Winthrop     WA
TST*KUMA - GEORGETOWN Seattle WA
TST*MAGNUSON CAFE & BREW Seattle WA
TST*MAMNOON STREET QSR Seattle WA
TST*MEE SUM SEATTLE UNIV Seattle      WA
TST*MIOPOSTO - RAVENNA   Seattle      WA
TST*MOES DARRINGTON      Darrington   WA
TST*MONSOON - BELLEVUE Bellevue WA
TST*OUTSIDER BBQ         Seattle      WA
TST*PORTAGE BAY CAFE - R Seattle      WA
TST*QUEEN CAPHE - EM     Seattle      WA
TST*ROAM BAR LLC         Seattle      WA
TST*RUBINSTEIN BAGELS - Seattle WA
TST*SAINT BREAD          Seattle      WA
TST*SKILLET REGRADE Seattle WA
TST*THE BRYANT CORNER CA Seattle WA
TSUTAYABUTSUKUSUTOAAPITSUTOKYO        JP
TSUTENKAKU          OSAKA               JP
TWEEDY & POPP HDWE AT UW SEATTLE      WA
Tanners Seafood Tannersfish Cak
Tesla
Teton Orthopaedics       307-7333900  WY
The Container Store
The Historic DavenpoSpokane             WA
The Home Depot
The Webstaurant Store Inc717-392-7472 PA
Thefp.com
Title Nine - Seattle Seattle WA
Tonal.com
Topscore Ulti Usetopscore Cpa
Tweed and Popp Hardware
U-DISTRICT               clover.com   WA
UBER
UBER *TRIP HELP.UBER.COM Tokyo
UBER *TRIP HELP.UBER.COM help.uber.comNL
UBER *TRIP HELP.UBER.COMCA
UBER TRIP* TRIP UBER.COM
UKULTIMATE          LONDON              GB
ULINE  *SHIP SUPPLIES    800-295- CREDIT
ULINE  *SHIP SUPPLIES    800-295-5510 WI
UNION 76 00464024   SEATTLE             WA
UNION 76 09486093   SEATTLE             WA
UNION 76 09518481   YAKIMA              WA
UNION 76 09553892   SEATTLE             WA
URBAN OUTFITTERS #111    SEATTLE      WA
US Postal Service
USAA CREDIT CARD PAYMENT SAN ANTONIO  TX
USAA Credit Card
USAA FSB-OVERDRAFT       SAN ANTONIO  TX
USAA INSURANCE BILL PAYMENT
USAA INSURANCE PAYMENT   WWW.USAA.COM TX
USAA Insurance Payment
USAA JJK MDS VISA PAYMENT ***********5521
USAA Overdraft
UW ASUW BIKE SHOP 00SEATTLE             WA
UW FOOD SERVICES    SEATTLE             WA
UW FOOD SERVICES 000SEATTLE             WA
UW FOOD SERVICES         SEATTLE      WA
UW HFS 0000         SEATTLE             WA
UW HFS                   SEATTLE      WA
UW MEDICINE              855-520-0400 WA
UW PAY BY PHONE 206-685-1553 WA
UW PAY BY PHONE          SEATTLE      WA
UW RECREATIONS 0888 SEATTLE             WA
UW TRANS SVC PAY STASEATTLE             WA
UWAJIMAYA BELLEVUE       BELLEVUE     WA
UWAJIMAYA SEATTLE        SEATTLE      WA
United States Sailing Ass
Uw Trans Pay Station
Uwajimaya
"V. FREITAS LAW, PLLC v@vfreitaslawWA"
VAL*THE VIEW CAMPGROUN   OLJATO-MONUMEAZ
VENMO  *ADAM MARMORS8558124430          NY
VENMO  *KATRINA GRIF8558124430          NY
VENMO  *NINA KIBRIA 8558124430          NY
VENMO *ADAM MARMORST8558124430          NY
VENMO *JENARO ROJAS 8558124430          NY
VENMO *MAGGIE VODICK8558124430          NY
VENMO *MILES LIPSON 8558124430          NY
VENMO *SEBASTIAN BYR8558124430          NY
VENMO *SHANNON BOSCH8558124430          NY
VERY FRESH NOODLES /NEW YORK            NY
VF OUTDOOR LLC      PORTLAND            OR
VIDA INTEGRATED HEALTH   THINKVIDA.COMWA
VIETLICIOUS              SEATTLE      WA
VM PARKING BARONESS LOT  SEATTLE      WA
VOLVO CARS SEATTLE       SEATTLE      WA
Vagaro_*Refine Nails a SEATTLE WA
Vagaro_*Refine Nails and SEATTLE WA
Vans Seattle             Seattle      WA
Vashon Island Baking Vashon
Veraci Pizza Ballard Seattle
View Ridge
Violet
Virgin Atlantic AirwCrawley             W
Vision Forward Associati
Vrbo HA6L44TX 512-759-0902 TX
Vrbo HA8BZ07S 512-759-0902 TX
Vrbo HA8BZ07S 512-7590902 TX
WA DEPT OF HEALTH HSQA 360-236-4508 WA
WA DOL LIC & REG 77458   SEATTLE      WA
WA PARKSRESERVATIONSWEB  398293706httpWA
WA PARKSRESERVATIONSWEB  948760235httpWA
WA VEHICLE LICENSING     360-902-7470 WA
WALGREENS #6890          SEATTLE      WA
WATERFRONT PIZZA INC     PORT TOWNSENDWA
WB E-STORE 800-766-0449 BC
WHITE PASS CO RESTAUNACHES              WA
"WHO GIVES A CRAP, INC.   US.WHOGIVESACNY"
WHOLEFDS BLV 10153 BELLEVUE WA
WHOLEFDS CER 10104 SANTA FE NM
WHOLEFDS MBD #10630      SEATTLE      WA
WHOLEFDS RSQ 10103       SEATTLE      WA
WILLIAMS-SONOMA 6181     SEATTLE      WA
WILLIAMS-SONOMA 6181SEATTLE             WA
WSDOT-GOODTOGO ONLINE    RENTON       WA
WSFERRIES-BAINBRIDGE     SEATTLE      WA
WSFERRIES-COLMAN DOCK
WSFERRIES-FAUNTLEROY     SEATTLE      WA
WSFERRIES-KINGSTON
WWW COSTCO COM
WWW COSTCO COM           800-955-2292 WA
WWW.CORRYSCLEANING.COM   WWW.CORRYSCLEWA
WWW.DWR.COM 800-944-2233 CT
WWW.INSPIREDCLOSETSSEA WWW.INSPIREDCWA
WWW.JFSSEATTLE.ORG       JFSSEATTLE.ORWA
WWW.ROWLANDPHOTO.COM     WWW.ROWLANDPHWA
WWW.SWEETGREEN.COM       162-65874164 CA
WWW.USSAILING.ORG        WWW.USSAILINGRI
Washington Vehicle Licensing
Whey Pat St Andrews
Who Gives A Crap
Wild Salmon Seafood
Williams-Sonoma
Wise
XERO SHOES 720-259-0374 CO
XI'AN NOODLES 0000  SEATTLE             WA
YAMAKARANA               NARA         JP
YASAKA              KYOTO               JP
YELLOWSTONE NATIONALYELWSTN NL PK       WY
YELP-GRUBHUB*TASTEOFIN   8775851085   NY
YUCATAN                  MADRID       ES
ZIRAEL VEGAN RESTAURjing dou shi dong shKY
ZMARE                    DONOSTIA     ES
ZSK*IT THORPFRUIT ANTI   THORP        WA
Zenniopticl
a.saily                  Lewes        DE
as.Saily*saily Lewes DE
bumpodo             qian dai tian qu    TO
eBay O*17-13491-31996    Toronto      CD
"tripla Co., Ltd. Tokyo"
www.REI.com         KENT                WA
